time_step,feature_1,feature_2,feature_3
0.0,1.876473953265321,-0.2414897995484324,1.3548697175000224
0.05005005005005005,2.0508100654626578,-0.42713490504520607,1.4609619860339556
0.1001001001001001,1.9642297004529674,-0.2900960294345975,1.252612814553731
0.15015015015015015,1.97108465423842,-0.3790604298411984,1.350569078768957
0.2002002002002002,2.1715054773489624,-0.47935713901615923,1.3574970163657967
0.2502502502502503,1.898743404674286,-0.11874741404744832,0.8925358155733534
0.3003003003003003,1.6874639919548278,-0.15610433389697084,0.8829113899998858
0.3503503503503504,2.093155850862188,-0.4452275451928831,0.7725258491142724
0.4004004004004004,2.095997778518141,-0.27615199018624453,0.5468181450058914
0.45045045045045046,1.74589791213792,-0.2010979712395201,0.7658630575042227
0.5005005005005005,2.03158621318871,-0.17330872920468143,0.7477206319630824
0.5505505505505506,1.9703843336472664,-0.502082019230659,0.48944317250179986
0.6006006006006006,2.0152118989696297,-0.23175442227147242,0.41088337205814934
0.6506506506506506,1.9076659825192432,-0.48952724361966193,0.43496922841829805
0.7007007007007008,1.8767483159896035,-0.14495901959095753,-0.016009445643032593
0.7507507507507508,2.0106539650657944,0.004664357785047174,-0.1795990062286866
0.8008008008008008,2.1566109909529856,-0.4889460895990882,-0.3573224068590423
0.8508508508508509,1.8532796817910315,-0.05895286097081881,-0.43392112601295807
0.9009009009009009,1.7294000016666846,-0.18948087350704193,-0.5665353602824795
0.9509509509509511,1.8238866700179799,-0.24518223482824514,-0.5165892513240173
1.001001001001001,1.6191241733029278,-0.12314689181126155,-0.5725081916692779
1.0510510510510511,1.7568399310998142,-0.19815427407259512,-0.8407540715858748
1.1011011011011012,1.5905008055830712,-0.004753255029442988,-0.7348262077476762
1.1511511511511512,1.3449452639501012,-0.36464174737918953,-0.6823665024425846
1.2012012012012012,1.3117360625668761,-0.1141413843068063,-0.8821143341820206
1.2512512512512513,1.3569791502320592,-0.23473240043624785,-1.195558981169702
1.3013013013013013,1.1651554233687451,-0.33007891410312695,-1.2444597725864701
1.3513513513513515,1.1425519936668385,-0.1491476164722174,-1.0539423103484344
1.4014014014014016,0.9582264940655852,-0.07491083523623317,-1.3266455995474171
1.4514514514514516,1.0818586745680014,-0.44180118856857137,-1.1267708157834784
1.5015015015015016,0.9604584241562883,-0.20089768887552883,-1.261289625134107
1.5515515515515517,0.8970687022009902,0.010933054166677364,-1.3235179840513511
1.6016016016016017,0.8295484445074393,-0.3789744944822609,-1.2461229615439509
1.6516516516516517,0.8776826615571708,-0.17477547118260192,-1.4881525635519495
1.7017017017017018,0.4484393943581308,-0.36090338333827365,-1.4332225539471224
1.7517517517517518,0.4721070023557953,-0.2975289561596307,-1.2592947302818163
1.8018018018018018,0.16600711559032735,-0.3755055937657268,-1.2065880641249422
1.8518518518518519,-0.15599837851354798,-0.3265288112081153,-1.38155524531355
1.9019019019019021,0.3070055300585543,-0.5712114948577449,-1.58746384904356
1.9519519519519521,0.19801349388935646,-0.07753715141927109,-1.15557659259365
2.002002002002002,-0.10522372179324187,-0.4465597032196328,-1.210571582390419
2.052052052052052,-0.17466614488150983,-0.6571702766593822,-1.4115249027003545
2.1021021021021022,-0.5052306216919931,-0.33920982763118024,-1.3131018971227342
2.1521521521521523,-0.052789606004505954,-0.7469116982860287,-1.0398431739036904
2.2022022022022023,-0.15763560555718353,-0.3262316371126356,-1.1414472916948155
2.2522522522522523,-0.2778692787328223,-0.8279573080906653,-1.0128967695782491
2.3023023023023024,-0.1368684996515481,-0.5474939230579279,-1.2069742450912964
2.3523523523523524,-0.37736766561582286,-0.779831525176255,-0.880284565183413
2.4024024024024024,-0.4172395924786857,-0.6737522637539181,-0.8287915668971012
2.4524524524524525,-0.4691731575052055,-0.3718283549148869,-0.7454404629859545
2.5025025025025025,-0.5862224447076213,-0.7159491868876652,-0.6441017966233815
2.5525525525525525,-0.20406988937447532,-0.5405465491489849,-0.8361510373804322
2.6026026026026026,-0.44242286046480167,-0.6579033430857996,-0.5221087415041764
2.6526526526526526,-0.41696002173324953,-0.600951643150638,-0.35950640781888993
2.702702702702703,-0.29619511382747826,-0.7211464960696252,-0.6313927240022903
2.752752752752753,-0.4958584346018785,-0.8690535552907882,-0.3696198650481909
2.802802802802803,-0.38786622689140465,-0.6520129829362711,-0.6314312716009607
2.852852852852853,-0.4353435949916791,-0.9460090536506521,0.0011283162459854862
2.902902902902903,-0.5478211341964189,-1.0508513937059387,-0.0943266485491525
2.9529529529529532,-0.29851459234629113,-0.8849167763965615,0.10435476963242261
3.0030030030030033,-0.38715376895767184,-0.778194150100576,0.3411324884872009
3.0530530530530533,-0.1986345940947527,-0.7558802615420723,0.3855883060785601
3.1031031031031033,-0.3169943712944471,-0.8951353850745631,0.17367898942262208
3.1531531531531534,-0.07834722335359363,-0.9974367419161101,0.6959491075529515
3.2032032032032034,0.29372174282277946,-0.8922175484871168,0.4585028389053807
3.2532532532532534,-0.26049831487880537,-0.6740254592049805,0.873793531710372
3.3033033033033035,-0.010542417795814663,-0.8771501038645463,0.5400562575533756
3.3533533533533535,0.0867264044823697,-0.8493553212421753,0.7265091163992583
3.4034034034034035,-0.030353458718581496,-0.9353827651104643,0.9145501465470772
3.4534534534534536,0.38914922730167817,-0.9954507794425758,1.1375297687709127
3.5035035035035036,0.31407187751322385,-0.9768464364780579,1.0461379366267276
3.5535535535535536,0.16734992078361385,-0.8155379173991013,1.1690678667133385
3.6036036036036037,0.35792033824000763,-0.8800273688292078,1.3555340441734454
3.6536536536536537,0.31267147407916973,-0.8130685474229319,1.3012455642481084
3.7037037037037037,0.5699510402736453,-0.9069286222366626,1.3791188008478146
3.753753753753754,0.7691403539957371,-1.0882281577281536,0.9863760037092916
3.8038038038038042,0.7324889208742734,-0.8505462960687629,1.2720004459950005
3.8538538538538543,0.7174769972852097,-1.09392574791764,1.2284514089572631
3.9039039039039043,0.9453395957894267,-1.0143421243597341,1.4467703449283436
3.9539539539539543,1.2414645837641372,-1.43717006119305,1.2164739567151168
4.004004004004004,0.9646349262583125,-0.9855181650448309,1.2740282759983421
4.054054054054054,1.119553976392762,-0.9596370706118431,0.9973319485493022
4.104104104104104,1.301022518893804,-0.9321182054180266,1.1242405612841044
4.1541541541541545,1.3969247034304035,-1.3763982293541557,1.2508945684958366
4.2042042042042045,1.2776208482123976,-0.7708560337411379,0.8936940762156531
4.2542542542542545,1.6647853415896003,-1.0439289243482621,1.049982555831643
4.3043043043043046,1.5689237988763147,-0.9195739552675131,1.2171766000310993
4.354354354354355,1.7526069627073986,-1.1287334884380158,0.6307822514940484
4.404404404404405,1.7381156582044464,-0.8206645468835232,1.0452165778588243
4.454454454454455,1.7006125604537379,-1.1783928051152088,0.6646570780308434
4.504504504504505,1.5605901801910667,-0.8754866047334312,0.7294925674766233
4.554554554554555,1.925469322572682,-0.7257132576472265,0.7706698527262507
4.604604604604605,1.8625689581225116,-0.9286822078436073,0.6423960174181942
4.654654654654655,1.6290429156719892,-0.9336337417397201,0.6183109891939567
4.704704704704705,1.8627282397279337,-0.8594468005090249,0.623133783842983
4.754754754754755,1.7649800293408442,-0.9326187338546557,0.48470374146699174
4.804804804804805,1.7476880641444645,-0.8864329477521056,0.48124922519847385
4.854854854854855,1.6788525804618337,-0.8785498907457461,0.18787164659341107
4.904904904904905,1.835511130948302,-0.6855251327062433,0.26142208363382125
4.954954954954955,2.1466324386948514,-0.7013809326553881,0.06204073987432676
5.005005005005005,1.9524061523471101,-0.9663454995282081,0.06197338555768406
5.055055055055055,1.7469672367521505,-0.7067512320418564,-0.28516608850224556
5.105105105105105,2.002624646940382,-0.7205176276874333,-0.2087103231200949
5.155155155155155,1.8428669103898907,-0.548292287272983,-0.6315498752584444
5.205205205205205,1.5887590692244145,-0.6076268634864567,-0.6345797156059538
5.255255255255255,1.741038960229047,-0.8115502776375605,-0.6120207644975724
5.305305305305305,1.5035217383498087,-0.41147151206376215,-0.6812522389995586
5.355355355355356,1.5401946748888904,-0.8151377550806217,-0.9409571483476594
5.405405405405406,1.6826566456970187,-0.738811643732834,-0.8502841491747816
5.455455455455456,1.4479119366260547,-0.6501114880685817,-1.0794414390174067
5.505505505505506,1.330190391064443,-0.6278908389174829,-1.1906339011381029
5.555555555555556,1.480162504163078,-0.5760293518408883,-1.2024571154256858
5.605605605605606,1.3623216149823478,-0.5113694615347453,-1.1506231391798636
5.655655655655656,1.3225985159932208,-0.4832817728420711,-1.38346554350817
5.705705705705706,1.1953929079025003,-0.22554435352783153,-1.6133783447879608
5.755755755755756,0.7461309432408975,-0.46243115389451966,-1.3909021849701386
5.805805805805806,1.0830158842030833,-0.5155616241862856,-1.4076922440344233
5.855855855855856,1.0626046495597272,-0.24860407692835032,-1.493082270183921
5.9059059059059065,0.7368142094581837,-0.4235921957161992,-1.8782144211547478
5.9559559559559565,0.7943997864002809,-0.38745323101381607,-1.5846919758070321
6.0060060060060065,0.8518418019360311,-0.17518676103298714,-1.8552908407734194
6.056056056056057,0.6095129146113926,-0.26377127497537256,-1.7435336248811901
6.106106106106107,0.39051006014515877,-0.3851684944326745,-1.744586508426002
6.156156156156157,0.5540725712027059,-0.0784899748483657,-2.071494780042479
6.206206206206207,0.15143057581517264,-0.14929588878149933,-1.9700007588595951
6.256256256256257,0.27678349692500137,-0.20740379462459607,-2.0393422139411705
6.306306306306307,0.2908901771844264,-0.18458153582571962,-1.8653810536076803
6.356356356356357,0.11210072365337281,-0.0852840837030991,-2.072249711848419
6.406406406406407,0.11552855789961558,-0.22517460722612195,-1.8680356503696884
6.456456456456457,-0.05084004819403863,-0.3010469710909679,-1.6881486063433913
6.506506506506507,-0.025455596797117147,0.2531535717937772,-1.715679417706173
6.556556556556557,-0.2797643226566075,-0.16434559780849484,-1.912793823505252
6.606606606606607,-0.2932457316204584,-0.11993200237731254,-1.7166866014324813
6.656656656656657,-0.5958257227919667,-0.2283665781367325,-1.4913735776196215
6.706706706706707,-0.3217739744984487,0.10917768935621026,-1.6487347347788988
6.756756756756757,-0.32544048815228493,-0.18467248097838374,-1.311313592760537
6.806806806806807,-0.48198011422465087,0.19221949190386686,-1.503326382444994
6.856856856856857,-0.8442077670420527,0.3547237371311782,-1.301156257810256
6.906906906906907,-0.619917769685169,0.02575583362643881,-1.2848626190280263
6.956956956956957,-0.6649499859606031,0.38645504658838803,-1.443845151644321
7.007007007007007,-0.6845308923373261,0.3901175619519253,-1.1502436436964045
7.057057057057057,-0.6761375652128083,0.2579846977405185,-0.9882728701986114
7.107107107107107,-0.49887542426478215,-0.00717531288874261,-1.1613942688154584
7.157157157157157,-0.4640235915595247,0.4942111674650616,-0.9172969141694546
7.207207207207207,-0.7379148095951504,0.3543413478501758,-0.8896321254068451
7.257257257257257,-0.566477539947752,0.11615478890674429,-0.6779761730896525
7.307307307307307,-0.9586805762956144,0.5191585268658939,-0.5882892992786231
7.357357357357357,-0.4914060562942527,0.5315749585102441,-0.5522418794587926
7.407407407407407,-0.460872048190453,0.6272797448055489,-0.31148030899293233
7.4574574574574575,-0.6430289525231276,0.3992251148076063,-0.02584761805365915
7.507507507507508,-0.4978601935838962,0.4822216164209777,-0.07731444097122028
7.557557557557558,-0.4303777487471492,0.44909416708526917,-0.184294024815213
7.6076076076076085,-0.3885440231245624,0.409578163116078,0.09808249684864927
7.6576576576576585,-0.36128101698375564,0.4765725004995757,-0.1709583002935665
7.7077077077077085,-0.2916725096291461,0.5056199893780177,0.16475641857510917
7.7577577577577586,-0.4241497995321436,0.45639762670307854,0.1715415168456401
7.807807807807809,-0.01818286411914577,0.4501171830918656,0.2620349452355959
7.857857857857859,0.04089930881875892,0.3011155648782866,0.4457328169572412
7.907907907907909,0.024699252852253176,0.4318851638148822,0.5029314644900217
7.957957957957959,-0.07460561747711154,0.6344934090985067,0.5431929250150173
8.008008008008009,-0.08744629320148258,0.20725451955509686,0.6879365238432625
8.058058058058059,-0.025558732932416783,0.44313791348742626,0.6421481934348431
8.108108108108109,0.1616779772943,0.5765162301429808,0.6855832758092234
8.158158158158159,0.410086181532375,0.4722581236522583,0.5835150064814822
8.208208208208209,0.2694177623330292,0.4845068578544803,0.6838804927530366
8.258258258258259,0.2891775465851606,0.40740221957589173,0.7971248960284811
8.308308308308309,0.6467384645692333,0.47801724208703766,0.7971443100163527
8.358358358358359,0.6584086552824852,0.5621907753909055,0.8871081449626865
8.408408408408409,0.6591957807717062,0.2963572512182026,0.9574639811894096
8.458458458458459,0.9559316174898744,0.482163584902544,1.063287115225968
8.508508508508509,0.8804800607562365,0.5652132112603677,0.9168533571021755
8.558558558558559,0.9664709653877485,0.39790016187811894,0.7658213327544378
8.608608608608609,1.0453107789925966,0.43226760804736153,0.753783173672087
8.65865865865866,1.2089097148413048,0.29344062801189785,0.6466038637294116
8.70870870870871,1.3840012205859775,0.2430092648977537,0.7136915191322819
8.75875875875876,1.246149671781872,0.573406581012117,0.7218763214486786
8.80880880880881,1.195827086176407,0.23426237013470128,0.8031696918424273
8.85885885885886,1.3393700061268352,0.3381112702033494,0.684978346087991
8.90890890890891,1.3990393350548809,0.1627289467020669,0.5708454686205161
8.95895895895896,1.567922798076122,0.4774515370612749,0.2809109207584972
9.00900900900901,1.3241116038017435,0.2851025206759487,0.43949625529496456
9.05905905905906,1.5346790680326268,0.356813501146503,0.41916014667804113
9.10910910910911,1.430850513926535,0.32263989224475925,0.2455234303726057
9.15915915915916,1.7515135894265361,0.3339663345512475,0.09135664693654018
9.20920920920921,1.4796060903808674,0.33990994918054557,0.11361655639506535
9.25925925925926,1.7632119896467235,0.17702484044669442,-0.3393647543640196
9.30930930930931,1.7414293486574832,0.1869648145128378,-0.373283691579581
9.35935935935936,1.6174411999882834,0.15155598511104357,-0.40516489945589884
9.40940940940941,1.8175583724416027,0.05858848318674698,-0.1976158124071575
9.45945945945946,1.6799834853577345,0.05359044526096078,-0.5746706519722594
9.50950950950951,1.817495020063718,0.15845174343991691,-0.7288941194574626
9.55955955955956,1.542177332057792,0.21595231657828473,-0.7486573050119818
9.60960960960961,1.5847093183507228,0.03994920225605847,-0.7941836458061644
9.65965965965966,1.6861481930661406,0.12488204335814182,-0.9936490533849038
9.70970970970971,1.5797001679146214,-0.26008385179211874,-1.372167501573353
9.75975975975976,1.5494769594458684,0.03645618923031693,-0.9177452585966468
9.80980980980981,1.581623646867486,0.030131669095771793,-1.2532233145341394
9.85985985985986,1.4775643661807507,0.1297092051083597,-1.459078832510121
9.90990990990991,1.528406548348552,-0.25757715730496944,-1.5724780330014172
9.95995995995996,1.3879394277575117,0.053940082698371875,-1.5345530246939272
10.01001001001001,1.1974183120514683,0.005828127410379441,-1.6183907827824247
10.06006006006006,1.355430473764284,-0.09549579983793793,-1.9628796431351332
10.11011011011011,0.9394576949585989,-0.35834988151217745,-1.8602448757568268
10.16016016016016,0.9326882339997791,0.016361355001359726,-1.8288985838974856
10.21021021021021,1.0951490917328526,-0.22281286556732816,-1.8440329974113805
10.26026026026026,0.8989696801733632,-0.15070556298830043,-2.004643829494865
10.31031031031031,0.7081950620201694,-0.2730432441379653,-2.106742738712477
10.36036036036036,0.9282506792731389,-0.3022671285438909,-2.2497951573096393
10.41041041041041,0.6913338351202756,-0.296072325901787,-1.9765183741645995
10.46046046046046,0.5481341034842513,-0.23692836050998273,-2.406074837691907
10.51051051051051,0.7250359568420519,-0.1542794880315997,-2.4054603317357617
10.56056056056056,0.4256765519441918,0.1669339999588559,-2.4012530925772357
10.61061061061061,0.12228234134378754,-0.3611534646162446,-2.4565564257411046
10.66066066066066,0.25104443824994827,-0.4708776126964667,-2.536224114416026
10.710710710710712,-0.14470022626714713,-0.24269540469327877,-2.3050097941596603
10.760760760760762,-0.06631453214702243,-0.09327551521404238,-2.384613405995764
10.810810810810812,0.07416186679303996,-0.2498070364137307,-2.698844584642927
10.860860860860862,-0.33920422574226666,0.062057400537055274,-2.1760594430027367
10.910910910910912,-0.2930049289973294,-0.19180207564464283,-2.019487352707376
10.960960960960962,-0.4235071216317173,-0.3736092401301031,-2.1312521498898738
11.011011011011012,-0.7378891860664738,-0.3359543335644621,-2.2490643127440078
11.061061061061062,-0.3896766682004861,-0.019818740255484496,-2.023721212613537
11.111111111111112,-0.3771992610072654,-0.4402495909635652,-2.103291346025851
11.161161161161163,-0.6069062445398976,-0.4693005440501123,-2.3038043852157477
11.211211211211213,-0.8127174789547121,-0.21090316399318004,-1.9219192112015453
11.261261261261263,-0.6345917995135222,-0.40523149860267393,-2.0477718655870025
11.311311311311313,-0.23409891346310419,-0.37213835955526137,-1.8461091494325257
11.361361361361363,-0.8408809731415742,-0.2529099750384027,-2.049950749527344
11.411411411411413,-0.8136511818164301,-0.3590486958213093,-1.7889037798847784
11.461461461461463,-0.8939958371560005,-0.35840848483246296,-1.7369142452446105
11.511511511511513,-0.6178652347953065,-0.3502971126383858,-1.718074228172294
11.561561561561563,-0.7029781232065191,-0.42942908033062,-1.5186033349242052
11.611611611611613,-0.7502271789852859,-0.3932120182870141,-1.5325378701273653
11.661661661661663,-0.7723592691598464,-0.2191914763506048,-1.356213980214711
11.711711711711713,-0.8590404733458359,-0.5694492486890169,-1.2158106333159417
11.761761761761763,-0.9496349564299084,-0.19645452071538977,-1.0151723271912487
11.811811811811813,-0.768365214026888,-0.12002335250181081,-0.953837562886958
11.861861861861863,-1.0400947573256123,-0.4330721771409036,-0.9574284501801904
11.911911911911913,-1.0447963235941713,-0.1556578812119949,-0.910959470738184
11.961961961961963,-0.9291015901171006,-0.11439168617015538,-0.7025396977614164
12.012012012012013,-1.1054639527474892,-0.25241350142277325,-0.4641638352063904
12.062062062062063,-0.5493090890260163,-0.36581152236469144,-0.5415635155960761
12.112112112112113,-0.6811916816324676,-0.17710364189451944,-0.458654093714831
12.162162162162163,-0.7301521960246883,-0.1845360894361667,-0.3598810175682658
12.212212212212213,-0.4349578963433405,-0.1580032540009525,-0.34436393030740486
12.262262262262263,-0.9573692307892576,-0.1573629398846575,-0.006814261328063523
12.312312312312313,-0.3890559683153995,-0.13025210915340976,-0.22314947685241165
12.362362362362363,-0.16252973848409347,-0.23776043438471353,-0.17231924752070518
12.412412412412413,-0.1604558729748214,-0.2733188697045601,-0.029964061529368244
12.462462462462463,0.08378432097281283,-0.16187746539838796,-0.2559300381964783
12.512512512512513,-0.28026121310850743,0.029933628003134316,-0.0627432650882229
12.562562562562563,-0.07173902411543462,0.09335979027390247,0.12762075594285277
12.612612612612613,0.012224964151254292,-0.0502412900897144,0.14263721768882484
12.662662662662663,-0.0609025027304498,-0.004715020261240807,0.29365540611827123
12.712712712712714,0.03791099001607093,-0.1297821096396841,0.3991580081656629
12.762762762762764,0.28787966154935873,-0.03717920404474884,0.3324083433989717
12.812812812812814,0.31299054230381906,0.2850862738191559,0.33241947334305755
12.862862862862864,0.46851024970960164,0.21144500716140208,0.5351568612106713
12.912912912912914,0.44230891342501033,0.3682328299967306,0.27922736112978286
12.962962962962964,0.5651502449808369,0.15229496642032841,0.3116912105818829
13.013013013013014,0.3930079594105532,0.46292129964529827,0.38198565128625106
13.063063063063064,0.5094515686810405,0.13193759991705936,0.3991709018638096
13.113113113113114,0.893676372231316,0.34077855812914953,0.24292844924406648
13.163163163163164,1.0114345988262619,0.2725339096298295,-0.034063886186698755
13.213213213213214,0.9706972910007737,0.4109196807506473,0.3828171112957679
13.263263263263264,1.0562686106981651,0.22287572002406814,-0.009081615683640486
13.313313313313314,1.2220038778581515,0.31010790654916925,-0.09912177342669629
13.363363363363364,1.3549011661683097,0.2918922903006609,-0.03481755490608722
13.413413413413414,1.27669935446791,0.3532267930736064,0.16424244254619844
13.463463463463464,1.2141604275466487,0.40626051550712017,-0.12731212562660513
13.513513513513514,1.0834679394686482,0.4821426441652028,-0.27224723019547636
13.563563563563564,1.3599545214841595,0.36993530170774513,-0.16258441255161893
13.613613613613614,1.5010119212367814,0.5930709638971751,-0.046642240060198736
13.663663663663664,1.3362246646356328,0.9037149750637039,-0.46358214165291073
13.713713713713714,1.1143211488553466,0.7846117173013029,-0.824813518928569
13.763763763763764,1.6521864481901642,0.86084319932892,-0.6302155447828098
13.813813813813814,1.3284980188208675,0.5479385595256899,-0.6011338391576881
13.863863863863864,1.7907584822343414,0.6272856001220513,-0.6676780189842212
13.913913913913914,1.5084790075608632,0.6200378284217767,-1.0116536924582746
13.963963963963964,1.4653799515637216,0.8106937706462446,-1.1764946942215702
14.014014014014014,1.2732564686732837,0.9011640048073569,-1.3040182817094934
14.064064064064064,1.3688438950739603,0.8196829367210916,-1.2328197005374077
14.114114114114114,1.4177090416335119,0.7824772942574293,-1.5466113556659344
14.164164164164164,1.4634771499660957,0.8487134219375374,-1.3680972487295957
14.214214214214214,1.4070120631661818,0.9832044972519743,-1.578618243521326
14.264264264264265,1.1991383689800055,0.7933014209715507,-1.744012725211804
14.314314314314315,1.1242013645991848,1.1152669986353363,-1.8130778894243305
14.364364364364365,1.1384730813513158,0.8685216312886798,-1.7962696945463148
14.414414414414415,1.213844124450149,0.9335337990738511,-2.194121367497109
14.464464464464465,1.2681594195950598,1.0340646444870674,-2.225301164841278
14.514514514514515,0.9320757198696041,1.248032095054612,-2.2297374099933114
14.564564564564565,0.976131820323851,1.0569106450265284,-2.090967602039637
14.614614614614615,0.7917840930089617,1.0084410606389858,-2.6761269637932394
14.664664664664665,0.8418150473352599,1.1819711869070493,-2.4876645886846687
14.714714714714715,0.7764622810206493,1.092079123430199,-2.6305002417851666
14.764764764764765,0.6681973946773244,1.3077112844147514,-2.5157049745612428
14.814814814814815,0.2783452770794783,1.1952611066404049,-2.6395186914149082
14.864864864864865,0.3310638022635207,1.0300917603847974,-2.5048542608992443
14.914914914914915,0.296973300667138,1.1853866230085275,-2.9446359038924808
14.964964964964967,0.44611871629481686,1.1210171936689384,-2.816895197651247
15.015015015015017,0.29807301075575243,0.9993294531732907,-2.7909094700274926
15.065065065065067,0.07859032865801707,1.1315062602045272,-2.852693297243133
15.115115115115117,-0.06301669493182684,1.2734987766985533,-2.914999744173573
15.165165165165167,-0.16560251348368624,1.23900666819751,-2.7889766547099293
15.215215215215217,-0.21862573300612603,1.0750348825615947,-2.9150823010866254
15.265265265265267,-0.16599290109047432,1.202068249918911,-2.8571775490097076
15.315315315315317,-0.363465718343281,1.1067840601793195,-2.925560627453873
15.365365365365367,-0.27484886938140596,0.8350722272772231,-2.9546774623122634
15.415415415415417,-0.6862959368069536,0.969926523454326,-2.7413999513815694
15.465465465465467,-0.2761565060559025,1.3074231858560181,-2.6186144331113943
15.515515515515517,-0.5863228518283226,0.9468525298761956,-2.619106777711563
15.565565565565567,-0.8235175565345879,1.2186617015058667,-2.734474898808504
15.615615615615617,-0.43191545575670026,1.2769468977300313,-2.497559878263312
15.665665665665667,-0.6760112523408986,1.191417849240198,-2.4357886301117166
15.715715715715717,-1.0755555874169305,1.1090004712548123,-2.478625023920856
15.765765765765767,-1.1430122046742046,1.3337707862807893,-2.237205181188309
15.815815815815817,-0.944119153163511,1.1121352143288659,-2.413884377419872
15.865865865865867,-1.1574587327985049,1.0893395847704859,-2.3427472619562972
15.915915915915917,-1.033942393170906,1.087554957148245,-2.3882941103705337
15.965965965965967,-1.0203419787118426,0.8724708483777142,-2.4217882619617725
16.016016016016017,-1.2801384457862321,0.8612157658158732,-2.063831236453335
16.066066066066067,-1.1428363915233635,0.9276859735508878,-1.7970532472986536
16.116116116116117,-1.4742020732927243,0.9601356607944149,-1.9504314780006797
16.166166166166168,-0.8563262361041017,1.105454832921496,-1.4096985903207198
16.216216216216218,-1.2628851493513278,1.2008174961448823,-1.7080982203922688
16.266266266266268,-1.0363330072528067,1.097215478446905,-1.4753792793304465
16.316316316316318,-0.8812772255360768,1.033389579331522,-1.4798353578526935
16.366366366366368,-0.9809097256236545,0.812182992281366,-1.4931210308165876
16.416416416416418,-1.1792283419918734,0.47285554448987555,-1.298865038800501
16.466466466466468,-1.0365717968753145,1.0767432921915412,-1.4107588546409349
16.516516516516518,-0.9777807911307286,0.6390407907175568,-0.7293556184634037
16.566566566566568,-0.9312289033413035,0.753219653683365,-1.0281831606618883
16.616616616616618,-0.7235009630513084,0.7174988842935931,-0.642377314581028
16.666666666666668,-1.0007408771922552,0.6072492759605118,-0.8966873424343798
16.716716716716718,-0.6095432330811235,1.0566027780086422,-0.7466528884987803
16.766766766766768,-0.6332131882440518,0.74748865949251,-0.6635698700793975
16.816816816816818,-0.7541002891520592,0.7987852990843428,-0.778299408874413
16.866866866866868,-0.6025994040110298,0.5948875185648579,-0.4367158275377382
16.916916916916918,-0.5234362517150657,0.9393172441118209,-0.21756647157251113
16.966966966966968,-0.5913570294967506,0.8826171135752408,-0.45236074649256797
17.017017017017018,-0.34752830908154964,0.48370214789552923,-0.4996136559966293
17.067067067067068,-0.3770840527666716,0.6805928880912687,-0.1835613268660346
17.117117117117118,-0.07637699307112503,0.7133475446120028,-0.09870277639414131
17.167167167167168,-0.028777360439682126,0.7980071608038173,-0.1828607685851181
17.217217217217218,0.0985061045764008,0.5433100396929088,-0.19122466999064017
17.26726726726727,0.08124122940063283,0.5887290492017601,0.008548855104504177
17.31731731731732,0.06247129549901145,0.6495631475219368,-0.28188105804671587
17.36736736736737,-0.01961967053486649,0.5729920495330929,-0.16475212878408857
17.41741741741742,0.2322414785127224,0.5264780851175715,0.1758028601694384
17.46746746746747,0.4170707782050917,0.4000985585386475,-0.15660845905871995
17.51751751751752,0.37593847065049585,0.3308712904404974,-0.2892661054051452
17.56756756756757,0.6120544801684424,0.4019658384364382,-0.0771982663619632
17.61761761761762,0.7603364637220371,0.6977881334235454,-0.2058303486599739
17.66766766766767,0.7412225264635831,0.6841755570692962,-0.4047928736999441
17.71771771771772,0.8277055638743509,0.2846003837726879,-0.40030905640367215
17.76776776776777,0.7249063131606857,0.24355507651122046,-0.39138459106958273
17.81781781781782,0.8589022713006359,0.6266220541646083,-0.33562665978525863
17.86786786786787,1.210214378424948,0.4081255733765315,-0.49759705281812283
17.91791791791792,0.9749442653424406,0.4245422749574603,-0.7175795497618376
17.96796796796797,1.2148091195902373,0.2653414612145846,-0.46362565142297607
18.01801801801802,0.8818282195575823,0.4147311044361627,-0.9142128568503702
18.06806806806807,1.1385408263636978,0.5978059776042898,-0.8840538017777866
18.11811811811812,0.9839471224332453,0.3705512542267168,-1.001466569450847
18.16816816816817,1.3048539757238697,0.34999954518674126,-1.2014021701375626
18.21821821821822,1.100393286690977,0.6202497643513464,-1.3567666488941326
18.26826826826827,1.0320309103130645,0.08483672036630419,-1.1269069516323087
18.31831831831832,1.436933374445434,0.2372797686757123,-1.245721478850305
18.36836836836837,1.056413647810921,0.2243023528970536,-1.4918734944797618
18.41841841841842,1.0648967210029494,0.46466520449187115,-1.654491757754845
18.46846846846847,1.2316572119819704,0.42772264973024404,-1.492154865301785
18.51851851851852,1.513645501184134,0.23005246748109023,-1.748808280139319
18.56856856856857,1.042413304080308,0.3233083681828376,-1.784980902532666
18.61861861861862,1.2255736016956704,0.31194618312339534,-1.9918392844945727
18.66866866866867,1.1688028999873592,0.1929984432399786,-2.2202048087663355
18.71871871871872,0.8665057161903287,0.5156336284387633,-2.135426655292331
18.76876876876877,0.9657769441681956,0.3549638925057493,-2.1776024124512974
18.81881881881882,1.0488033232540903,0.2226999253957761,-2.337339314134271
18.86886886886887,0.9352063858362217,0.3145963314575463,-2.674057262540127
18.91891891891892,0.9197445260838294,0.30030385279167776,-2.7427487971407807
18.96896896896897,0.9316987446185521,0.24164667744855645,-2.515122824074522
19.01901901901902,0.6710705192723505,0.5717652748233668,-2.5862598431879817
19.06906906906907,0.4824628622687757,0.31650244509946557,-2.973599644656355
19.11911911911912,0.5735852755145422,0.2919321379729407,-3.012874968519018
19.16916916916917,0.6289609924932189,0.48931274239935535,-2.9758640740700737
19.21921921921922,0.1825710343994606,0.5753999341266663,-2.715465219027026
19.26926926926927,0.20685724350847,0.4630017811059504,-3.123671385933507
19.31931931931932,0.1872118461850269,0.6205882680828001,-3.519644390942393
19.36936936936937,0.21531130040687158,0.5418243888732304,-2.9588896800407896
19.41941941941942,0.20840140315558414,0.3508557265585883,-3.4456356105098402
19.46946946946947,-0.014323927622098269,0.679471778908912,-3.1505285983855256
19.51951951951952,-0.02086717368594969,0.6137931613355966,-3.3129461583056807
19.56956956956957,-0.2887946762902932,0.4479068859350117,-3.414402226207944
19.61961961961962,-0.27087913016555604,0.5915643398924751,-3.272241622956624
19.66966966966967,-0.5606102130923406,0.7126781522823946,-3.4147005104909747
19.71971971971972,-0.645186708875526,0.5615041531714867,-3.2593693513368347
19.76976976976977,-0.4005729957984756,0.980824634650613,-3.559391721705366
19.81981981981982,-0.5586686045124469,0.5598359551723088,-3.365040868226553
19.86986986986987,-0.45518218517012715,0.80101907325345,-3.2953794741338944
19.91991991991992,-0.9354103046448041,0.6697468467848426,-3.2455675698416218
19.96996996996997,-0.7035091295147675,0.7258783887166306,-3.2040300650499747
20.02002002002002,-0.8537175842625362,0.969830800149848,-3.292365390878706
20.07007007007007,-0.7163972565458341,0.829158563305362,-3.248225880459442
20.12012012012012,-0.8622582843967441,0.9685591139563057,-2.9611921235123693
20.17017017017017,-1.2241010949839934,0.9992377927181301,-3.0059763834878384
20.22022022022022,-1.0216708930157674,0.733427417100166,-2.962360938209851
20.27027027027027,-1.076183594451265,0.9632754045758336,-2.893158725022788
20.32032032032032,-1.2147527918327274,0.9874517270481904,-2.7828596054537877
20.37037037037037,-1.0755735026752484,0.8380992345273744,-2.5879037497655424
20.42042042042042,-1.4905042904310908,1.215632841638177,-2.5837400273397773
20.47047047047047,-1.497885902687242,0.9753557621543038,-2.536425632729424
20.52052052052052,-1.127416615977686,1.0838531562841502,-2.474017997100726
20.57057057057057,-1.3598315522696487,1.1055839034586954,-2.304000695573526
20.62062062062062,-1.3288032218949652,1.2425605046869783,-2.3028628015978914
20.67067067067067,-1.3689473192276427,1.2497528183052855,-2.36294342084671
20.72072072072072,-1.4268081020163526,1.1621197663805352,-1.9571959683893128
20.77077077077077,-1.149232643421236,1.2101410903561738,-1.9910553336216583
20.82082082082082,-1.3795708857744395,1.2686394035014517,-1.7156520943491114
20.87087087087087,-1.4852820344024134,1.3061140224058108,-1.6339625162494114
20.92092092092092,-1.26963393822144,1.2901203211894408,-1.6874811027528203
20.97097097097097,-1.4894275118582767,1.519040136474918,-1.4793216207014823
21.02102102102102,-1.168220077950304,1.4397161021350837,-1.6730709019656822
21.07107107107107,-1.1510477585607202,1.4717219556864876,-1.2424987789127901
21.12112112112112,-0.9869744940523871,1.3999977912383514,-1.1472368148320526
21.17117117117117,-0.9755691912712315,1.3944764049010931,-1.0999139448551083
21.22122122122122,-1.0040773463117463,1.5437490731840509,-1.2137570662242199
21.27127127127127,-0.7677953892846373,1.4552648059628193,-0.84500970579757
21.32132132132132,-1.0252595171022214,1.5577715498297982,-1.0014433382638541
21.371371371371374,-1.07109818053465,1.507605513027879,-0.987179063849952
21.421421421421424,-0.6933066526984556,1.4707822392818093,-0.9105180079760449
21.471471471471475,-0.7125030275596566,1.583925845559844,-0.6236210766396331
21.521521521521525,-0.49727043008393795,1.6752389036391995,-1.126634117976498
21.571571571571575,-0.765394912985798,1.6397663164830485,-0.5967548502564841
21.621621621621625,-0.49207328190569144,1.707014725085862,-0.839040500470108
21.671671671671675,-0.3262587557061794,1.9272775798397273,-0.7578907033634383
21.721721721721725,-0.399728810501407,1.9035593861293707,-0.41183514091109946
21.771771771771775,-0.11567960587704514,2.005319536428534,-0.3380241090973224
21.821821821821825,-0.026937747123775117,1.7193973989442302,-0.3978618468893708
21.871871871871875,-0.0025416070099920918,1.391443752619611,-0.7380886122523764
21.921921921921925,0.30168176125835866,1.75293487934846,-0.5859092337132831
21.971971971971975,-0.012636673835514783,1.6535971733778128,-0.8565695926396781
22.022022022022025,0.039405250092830496,1.9712735598878934,-0.9391798035623249
22.072072072072075,0.1916085210228997,1.8177916919766504,-1.0795974739396057
22.122122122122125,0.19425572573886368,1.6455386173858824,-0.4615044923007945
22.172172172172175,0.48432520036596755,1.6973970584086715,-0.8244627285833765
22.222222222222225,0.3395192790203351,1.6620943116080367,-0.9884389983071068
22.272272272272275,0.5703729369594889,1.8589152955635453,-1.0277978273115371
22.322322322322325,0.6411498813949027,1.4285460946210145,-1.0814203565319158
22.372372372372375,0.48180167063003704,1.827922731477202,-1.126166751725712
22.422422422422425,0.7494624638115982,2.1165397416660445,-0.9669274616005037
22.472472472472475,0.7067179922762263,1.731376424091597,-1.1371436624026707
22.522522522522525,0.9165688898379024,1.7779789522558829,-1.406848797367961
22.572572572572575,1.0952610692215603,1.6382530277508385,-1.1728933594933801
22.622622622622625,0.947398766878435,1.9692410950568155,-1.3873280246157993
22.672672672672675,0.7953906231814962,1.9361414659807321,-1.6578594996101126
22.722722722722725,0.80544731309712,1.8597346214629698,-1.7339407315384812
22.772772772772775,1.0068318754425292,1.981476081088231,-1.7295132615458941
22.822822822822825,0.7402340785329017,1.6195906290506665,-1.958186044122954
22.872872872872875,0.9407546175517771,1.8458731604943124,-1.9035406214800776
22.922922922922925,1.2192830216100063,1.6158354901777015,-2.1336561318930256
22.972972972972975,0.904630837508994,1.8062839374874784,-2.0833728756665058
23.023023023023026,0.8186615906476076,1.6579331130176076,-2.2965309759162813
23.073073073073076,0.652065414840039,1.7666680760826574,-2.3495537542787783
23.123123123123126,1.0758542899381898,1.8160362566294437,-2.798917262684586
23.173173173173176,0.7834705734791086,1.6190205972623326,-2.6198722409962008
23.223223223223226,0.8048938493987446,1.8278300999871426,-2.7392999084482197
23.273273273273276,0.8344912847546029,1.2802428327185496,-2.8294464251825695
23.323323323323326,0.6332156891162719,1.732095278921338,-3.1614375685474174
23.373373373373376,0.6020732159297324,1.5718607538007807,-3.1178226511035563
23.423423423423426,0.8538480913444981,1.5778076296772465,-3.1119335609557734
23.473473473473476,0.32884668952347096,1.4130694259130776,-3.308773113207267
23.523523523523526,0.43949568956552026,1.36466622047748,-3.489152142373796
23.573573573573576,0.25481197170339287,1.716936406123121,-3.1778051826669147
23.623623623623626,0.3517100822702953,1.6168085243375305,-3.5780816826676287
23.673673673673676,0.2506715558872339,1.8355291929311712,-3.6154327316838306
23.723723723723726,0.296881200987391,1.5457050807188986,-3.3843948015689373
23.773773773773776,0.08858052290693982,1.6828029724596885,-3.6217820878403626
23.823823823823826,-0.03922329855838588,1.5604561146100682,-3.794667995214275
23.873873873873876,-0.07746380717988376,1.7944970215930138,-4.033341402603486
23.923923923923926,-0.236418040114093,1.5825125340815618,-3.764777692604053
23.973973973973976,-0.15176954007392904,1.593129538104106,-3.917631326418324
24.024024024024026,-0.20832926655231146,1.654636998789328,-3.945316723764047
24.074074074074076,-0.3498459270049582,1.3575408550243537,-3.8788644612457204
24.124124124124126,-0.7130090393717758,1.4113883641940432,-3.848963817251072
24.174174174174176,-0.47663195826360205,1.250383675542788,-3.846001188641155
24.224224224224226,-0.6305775691511991,1.1453756020714445,-3.760288804812385
24.274274274274276,-0.6085451829509699,1.1844086700864314,-3.730975156645478
24.324324324324326,-0.8911214056761835,1.2711471565183936,-4.007520423064568
24.374374374374376,-0.7289999802056857,1.173628556975051,-3.701831934605328
24.424424424424426,-0.8828475093928438,1.391546943591015,-3.785141794693527
24.474474474474476,-1.0242214225243478,1.2426361444833542,-3.5453407871382105
24.524524524524526,-0.841601676589143,1.3034356666094682,-3.752034218688811
24.574574574574577,-1.2746685671589306,1.4132518047206537,-3.552234697797572
24.624624624624627,-1.3597697008819518,0.949715259849002,-3.4424116308270496
24.674674674674677,-1.1024834578295848,1.092185481320754,-3.2851208785948702
24.724724724724727,-1.2910854609881095,1.137748098057087,-3.541032541403874
24.774774774774777,-1.201999733732905,1.0249877282887874,-3.106743711856911
24.824824824824827,-1.3572338204645908,1.1577258613429458,-3.2585499390651016
24.874874874874877,-1.5174730803560155,1.1821958499020468,-3.2294600274460334
24.924924924924927,-1.6637823108025582,1.3384485245963935,-2.912451508159111
24.974974974974977,-1.7244253725064966,1.27110783471284,-3.102581125654273
25.025025025025027,-1.6191574812982767,1.1504862123813822,-3.2304245016905115
25.075075075075077,-1.4907350518220859,1.2636570883580784,-2.691447856160074
25.125125125125127,-1.6718955178248438,1.0114275005364002,-2.7712738363177385
25.175175175175177,-1.5802242531178894,1.04720289098053,-2.7004646007569657
25.225225225225227,-1.9132514048396518,1.0408571666145559,-2.5244234260407565
25.275275275275277,-1.4438748696456563,0.987288292288891,-2.4927722703505983
25.325325325325327,-1.6092885127820524,0.8940695454088388,-2.2613729597384586
25.375375375375377,-1.4005980295969,1.1185260818990703,-2.0004397567730483
25.425425425425427,-1.5649669559910526,1.1897923225660108,-2.4761736666064946
25.475475475475477,-1.5186695523877618,1.0456241038390255,-1.7126613122778473
25.525525525525527,-1.4106362989616699,1.0280673027959681,-1.9045154690750197
25.575575575575577,-1.4816555492850987,0.7129057721580341,-2.115971931486544
25.625625625625627,-1.2799683788520628,1.2612875617329222,-1.6361476629837404
25.675675675675677,-1.2959213495254964,0.8900377051638296,-1.6638447687073885
25.725725725725727,-1.0415585603922324,0.986099957270208,-1.4885568026362699
25.775775775775777,-0.937282662450543,1.1203008087853978,-1.667796962506796
25.825825825825827,-0.9473203650641802,1.0159082524429663,-1.2092693278501045
25.875875875875877,-1.085445403181401,0.920422089926942,-1.2707488274004597
25.925925925925927,-1.1921430213594002,1.0502292326326403,-1.4513800014883431
25.975975975975977,-0.9560300193614756,0.929277206256648,-1.0738952483751842
26.026026026026027,-0.702624220520578,0.7933218766239769,-1.4238490346981536
26.076076076076077,-0.9121786607803709,0.745024031423536,-1.4105856292039818
26.126126126126128,-0.6502097869760544,1.0392075350028047,-1.23291909401174
26.176176176176178,-0.77011849674872,1.1304624263923746,-1.3597913503782189
26.226226226226228,-0.5635052457854989,1.2380123227651905,-1.2365846347986138
26.276276276276278,-0.18019623821358657,1.0765788902882627,-1.2107519144650671
26.326326326326328,-0.4016819613422186,1.1103011218458103,-1.082578393828298
26.376376376376378,-0.2712970187442665,1.0985805629579506,-1.2068645367919628
26.426426426426428,0.05343893047340906,1.0064999996222315,-1.0481203242385877
26.476476476476478,-0.25783203931051357,1.1843632229004144,-1.140494390273078
26.526526526526528,0.06473455376555215,1.2561392036398882,-1.461541276064175
26.576576576576578,0.16733943886834263,1.3589147053234978,-1.2889357729445114
26.626626626626628,0.21265373626582224,0.9770560731390279,-1.291431906827687
26.676676676676678,0.13351666889391922,1.197174125594617,-1.3018970761176316
26.726726726726728,0.5771195182824252,1.0254752947937755,-1.1159030101212668
26.776776776776778,0.4492984541181409,1.0241750247411623,-1.2160315943661961
26.826826826826828,0.5154949093472108,1.1085546190933446,-1.6333876526841027
26.876876876876878,0.7314692156300633,1.3828341591951927,-1.514592269766177
26.926926926926928,0.36075905567990196,1.1055462559436229,-1.5249213099830303
26.976976976976978,0.3851448743244918,1.1474680902661414,-1.8123998128174885
27.027027027027028,0.5916545986476867,1.591155961149307,-1.64117467844394
27.077077077077078,0.6303261621494769,1.3792106032759048,-1.8684464486698311
27.127127127127128,0.538113138058694,1.1406668842877083,-2.0212829250098037
27.177177177177178,0.816771038216811,1.370326711497602,-2.1129888638234253
27.227227227227228,0.7378378168552033,1.2476035614081797,-2.0435245735133134
27.27727727727728,0.9348252902547348,1.4356903315303629,-2.217834690800902
27.32732732732733,0.5058777906174423,1.701005753555884,-2.335370755871556
27.37737737737738,0.7998517651368707,1.6342342580534224,-2.650492049062719
27.42742742742743,0.6981852821426112,1.6474322383195714,-2.6506265013653443
27.47747747747748,0.6244563554751452,1.5878161499585337,-2.808036027255283
27.52752752752753,0.8546436525635508,1.625947740914879,-2.804898134735722
27.57757757757758,0.7210779281843289,1.6879310130910603,-3.1424338942091863
27.62762762762763,0.42743352811083085,1.5559623566704692,-3.2509597384471896
27.67767767767768,0.524935047921608,1.4647026583270288,-3.089821086269658
27.72772772772773,0.5559572254653641,1.5670160091793996,-3.1602614751116147
27.77777777777778,0.7787826232260627,1.56689711041411,-3.2930481204075703
27.82782782782783,0.4406448332803795,1.9307065114515967,-3.6072946180181154
27.87787787787788,0.7101245896602375,1.8731808281993902,-3.4032311333912135
27.92792792792793,0.2943979972894823,1.9761980814346765,-3.53416570291594
27.97797797797798,0.03348908079423443,1.8948116761014686,-3.765727124331619
28.02802802802803,0.4287161807624213,1.6739930051253202,-3.938225506830523
28.07807807807808,-0.07084122860701203,1.7702383678355011,-3.650442693985818
28.12812812812813,0.1082578451023598,2.0952908544578093,-4.127769449630108
28.17817817817818,0.12750927220066455,2.0295070030373616,-4.197903937818929
28.22822822822823,-0.27497377409809054,1.7737183969204635,-4.270380456874727
28.27827827827828,-0.11896816096065307,2.0331262929257514,-4.4735411537059155
28.32832832832833,-0.09490134656576571,2.1463758152389727,-4.180015566964475
28.37837837837838,-0.3315321515734025,2.280294402549556,-4.294438871199518
28.42842842842843,-0.469755761813243,2.1374640592587943,-4.12095811991804
28.47847847847848,-0.5337010564760651,2.0240134790373516,-4.2759478039083145
28.52852852852853,-0.4438392316000414,2.1286470300184686,-4.2467146265229925
28.57857857857858,-0.4694406712003275,2.246661253250037,-4.16654136320143
28.62862862862863,-0.7222311338655788,2.0501701521008764,-4.319137683173403
28.67867867867868,-0.8072318503533511,1.9025913727879782,-4.158311645470359
28.72872872872873,-0.7706620986186945,2.3155842671087017,-4.352650456530086
28.77877877877878,-0.8506354565493129,2.371714833201804,-4.098351470946481
28.82882882882883,-0.7029022783594554,1.9134662338150075,-4.060270444933081
28.87887887887888,-1.327561370956967,2.3379464289141083,-4.1516262686636685
28.92892892892893,-1.4461161514191336,2.370940998846348,-4.227925062683071
28.97897897897898,-1.1454096727086203,2.484894448244897,-4.239828633995457
29.02902902902903,-1.3692980748226031,2.191041773597686,-4.303429571980833
29.07907907907908,-1.4295775557836743,2.2669422083619444,-4.064233226661305
29.12912912912913,-1.4323034688777203,2.227338038912488,-3.7285237476888953
29.17917917917918,-1.493595368592769,2.5649673984700554,-3.6246958836339385
29.22922922922923,-1.6798828766475624,2.3528519650016,-3.7617832658121277
29.27927927927928,-1.6336333891900263,2.3585155967034463,-3.63166718977023
29.32932932932933,-1.5067222347603717,2.3019718512912664,-3.5751450180250064
29.37937937937938,-1.8419558441676573,2.4219262924975493,-3.6378339177403447
29.42942942942943,-1.899080595772423,2.4422213294400987,-3.3975179574194634
29.47947947947948,-1.859798368456537,2.4949384936829295,-3.2785076496732812
29.52952952952953,-1.5414575547892486,2.587887389613079,-3.163461763242421
29.57957957957958,-1.6960390980422138,2.3881231917113492,-2.9752537988433168
29.62962962962963,-1.6595563200573595,2.4151661810316134,-2.919614403304955
29.67967967967968,-1.8097702233976167,2.222866470131599,-2.9574485846049536
29.72972972972973,-1.9692378001503277,2.428662817173971,-2.78717133836541
29.77977977977978,-1.7482206386744998,2.389740814319704,-2.766439360533772
29.82982982982983,-1.774457414138428,2.365036473184765,-2.7732080398281056
29.87987987987988,-1.9712120854481174,2.6971346682457003,-2.620360402837226
29.929929929929934,-1.8095357749846306,2.3573777422057933,-2.6351194493363304
29.979979979979984,-1.625321669527013,2.387849124305477,-2.4216423991678844
30.030030030030034,-1.6218194155713663,2.422622751214949,-2.196234750862657
30.080080080080084,-1.8516364269461232,2.548888503561682,-2.198334620824905
30.130130130130134,-1.4015747236173721,2.6489560852366014,-2.274825181896089
30.180180180180184,-1.143500988088449,2.362059180891556,-2.093422555146549
30.230230230230234,-1.551954713043922,2.4624392792297174,-1.8209421084556325
30.280280280280284,-1.2267164779647932,2.4212517204665027,-1.8593826541882328
30.330330330330334,-1.1314398623079682,2.6165076337020863,-2.007886420549429
30.380380380380384,-1.2152603172736058,2.509200488000054,-1.7323692052111697
30.430430430430434,-0.9969416701988548,2.428745453984871,-1.861788857381938
30.480480480480484,-0.9629888925057715,2.3667265260499835,-1.7861580266357604
30.530530530530534,-1.0586058721807161,2.364329369049575,-1.6483009359654186
30.580580580580584,-1.115533347152405,2.498259836405698,-1.8796614087224137
30.630630630630634,-0.9901322831295848,2.347664097704225,-1.5759090452334936
30.680680680680684,-0.5103235382600815,2.3181618869982548,-1.5777952353309872
30.730730730730734,-0.49325212481922265,2.1341841262614163,-1.6718652773113285
30.780780780780784,-0.5874095959808577,2.350915433919586,-1.6219288343816063
30.830830830830834,-0.5038716355831997,2.1917047369696854,-1.4982301195257401
30.880880880880884,-0.26196502546131417,2.1478165685511468,-1.5573860884738184
30.930930930930934,-0.21572376702995844,2.0309341593612165,-1.826762576758405
30.980980980980984,-0.0201762391734141,2.152000512602762,-1.4315923889093969
31.031031031031034,-0.4604539028687291,2.334636163992567,-1.6713399433650098
31.081081081081084,-0.09650946214315051,2.185932186682157,-1.9116660499477687
31.131131131131134,-0.16911229280170975,2.2306212270864827,-1.8387790222340292
31.181181181181184,-0.1556349785166948,2.1017669526527283,-1.9087700253060658
31.231231231231234,0.3290031969468614,2.193365631408489,-2.104947484244057
31.281281281281284,-0.14778198752114186,2.163244261559911,-2.024267214408795
31.331331331331334,0.10389962622295541,2.0361542430015067,-1.9820579344337397
31.381381381381384,0.4913815533223187,2.10255773891741,-2.099271980971331
31.431431431431434,0.31108787145811945,2.1142883288377305,-2.145587039912183
31.481481481481485,0.1273818515799249,2.063030689256706,-2.213376576971079
31.531531531531535,0.32262195222544465,2.0627210251210233,-2.444168319465095
31.581581581581585,0.39431208913277266,2.1920215478944,-2.5216726760762422
31.631631631631635,0.18390718277713095,1.9914402076060402,-2.5220051080798944
31.681681681681685,0.6032973269917193,1.9257084325318399,-2.6858211816869586
31.731731731731735,0.34136884840614723,1.8488578774252296,-2.604187721507646
31.781781781781785,0.2352731536131458,1.8684683841452563,-2.846343524723768
31.831831831831835,0.6146464895832141,1.9702754929045538,-3.1072530160200107
31.881881881881885,0.6201264715645322,1.7257444785394653,-3.329124127488347
31.931931931931935,0.8864762401591046,1.8542279050967179,-3.3163439773107957
31.981981981981985,0.4911079216746178,1.9459427696187475,-3.2246247333403524
32.032032032032035,0.3493321901028068,1.5772536504135029,-3.2760755239566697
32.08208208208208,0.43038638576720556,2.1154040334230824,-3.586411359723973
32.132132132132135,0.37029569884307206,1.820177737172175,-3.6237378903840254
32.18218218218218,0.3301822593883794,1.794985889837191,-3.7371705944796534
32.232232232232235,0.2518856965978815,1.5653929915253302,-3.96114704175478
32.28228228228228,0.33839421746715026,1.5991256798006104,-3.9227977146109425
32.332332332332335,0.20006028518057473,1.8886884666486299,-3.910947245333873
32.38238238238238,0.4953951772843688,1.7813882926051228,-4.1015604463479445
32.432432432432435,-0.018298807042449905,1.6199786157139666,-4.236609516399423
32.48248248248248,0.1906919890712108,1.5657110180125047,-4.275648965799748
32.532532532532535,-0.11426711476000141,1.6944453785570683,-4.490333009618007
32.58258258258258,0.09491950670584484,1.5368281043991987,-4.498919323346314
32.632632632632635,0.23729962938525206,1.6294948657576658,-4.389764954382122
32.68268268268268,-0.19713385893291216,1.8401889471949013,-4.757789850441532
32.732732732732735,-0.10909121878130966,1.5471005818037824,-4.726318121039553
32.78278278278278,-0.6842025834974697,1.4962319178392398,-4.649215635750843
32.832832832832835,-0.6253345968872019,1.599008861879811,-4.943190944945608
32.88288288288288,-0.7395691895001699,1.343005342781428,-4.879520382034586
32.932932932932935,-0.7529552596612304,1.7397992219954272,-4.715987450754814
32.98298298298298,-0.6121826595037512,1.8298709121386587,-4.730573231850502
33.033033033033036,-0.8455770995694011,1.5939129082961785,-4.735455394679949
33.08308308308308,-0.7793890408460916,1.6003663347334707,-4.571000452245259
33.133133133133136,-1.0354595733326355,1.6669658015300535,-4.573724087616861
33.18318318318318,-0.9617596297961388,1.7193288489366065,-4.771994176606064
33.233233233233236,-1.2964811832819836,1.6081156161758485,-4.516109790870107
33.28328328328328,-1.281577754510627,1.647592931429682,-4.581836860879134
33.333333333333336,-1.2541596037390348,1.5529958460878646,-4.47571899162475
33.38338338338338,-1.4787390235930675,1.8781994125727224,-4.814876690933089
33.433433433433436,-1.4500168917182226,1.7633221563042136,-4.736268725664675
33.48348348348348,-1.6858312268426086,1.624583041994948,-4.645957173750183
33.533533533533536,-1.8050947991190964,1.639278894986253,-4.3145449723058125
33.58358358358358,-1.5614912674881514,1.695982344507508,-4.345212173644043
33.633633633633636,-1.8857058816745076,1.631975607419548,-4.628286962291361
33.68368368368368,-1.6719101479819738,1.699085474642139,-4.2739493431502025
33.733733733733736,-1.817598846419458,1.8988207305577918,-4.351932219097531
33.78378378378378,-1.9068263463292348,1.614747972220773,-4.163539305345177
33.833833833833836,-1.695602959864123,1.8816403907934176,-3.9127519454339286
33.88388388388388,-2.0723990302608284,2.1042462760626797,-3.837528625916699
33.933933933933936,-2.1673636100419813,1.7255880550780291,-3.829462705810797
33.98398398398398,-2.132041530406634,1.5830964935202245,-3.7170506001315315
34.034034034034036,-2.062120917325035,1.89709855070952,-3.6498706035024306
34.08408408408408,-2.097895959856502,1.926044430322221,-3.773455998904703
34.134134134134136,-1.9701842173321724,1.852638874228045,-3.250635986916522
34.18418418418419,-2.070941581112024,2.120701547471011,-3.1967561628058716
34.234234234234236,-1.8927273381065077,2.2276404961819227,-3.070019126017658
34.28428428428429,-2.2393523530073765,2.1037165872875194,-3.1527815273240325
34.334334334334336,-2.090596323559204,2.1356015129291452,-3.2356474234201933
34.38438438438439,-2.003819652177588,2.268273060347071,-3.0981852010692847
34.434434434434436,-2.063203984065517,2.2840748648434523,-2.7407198585768056
34.48448448448449,-1.8267163301575975,2.221057273168591,-2.5976862253541615
34.53453453453454,-2.0788047167065358,2.171909654221077,-2.922549811302213
34.58458458458459,-1.9044325774780646,2.1218526965266253,-2.4157954868445737
34.63463463463464,-1.8148155862551476,2.2341474306951468,-2.665231879782997
34.68468468468469,-1.9998511448897915,2.326879591170172,-2.7553126471904643
34.73473473473474,-1.384363540815802,2.1233932179343573,-2.5470095938567963
34.78478478478479,-1.612878617969336,2.4553373638611133,-2.4003939804887717
34.83483483483484,-1.4110455379263929,2.249322538028053,-2.365982365483554
34.88488488488489,-1.7991418802097114,2.5261536275661856,-2.071065699839026
34.93493493493494,-1.5370496269377631,2.5272857991794386,-2.2982446567522525
34.98498498498499,-1.4804232760054605,2.7148464270568167,-2.144874770815264
35.03503503503504,-0.7715244306208229,2.4764352871831727,-2.1405496579863925
35.08508508508509,-1.2360325101429204,2.469178852046706,-2.2326795817360754
35.13513513513514,-1.212567768786964,2.5265294092719603,-1.964648959281344
35.18518518518519,-0.8650401287219506,2.4181598358910077,-1.8518166560561702
35.23523523523524,-0.792536029097564,2.665359936190791,-2.318873225932429
35.28528528528529,-0.7289223472132867,2.565703263575934,-1.730981612427376
35.33533533533534,-0.9238109881924602,2.574020111638195,-2.1907174598265993
35.38538538538539,-0.6853383099672152,2.7761355643952497,-2.146969099219081
35.43543543543544,-0.7281961720657003,2.677143081620741,-2.258815735709792
35.48548548548549,-0.5129323160346928,2.8031709561477824,-2.140949264441796
35.53553553553554,-0.6187529653729456,2.6817932111431646,-2.208451385507548
35.58558558558559,-0.2592494468252087,2.899879713120327,-2.1797311315455397
35.63563563563564,0.030240437039990742,2.773670254940885,-2.4819917627861225
35.68568568568569,-0.03225047231707233,2.6777152097886647,-2.389768252818391
35.73573573573574,-0.10056053364477165,2.8107828116597213,-2.51829448810317
35.78578578578579,0.012732561709028985,2.730125323621208,-2.440011836004889
35.83583583583584,0.18101265812576176,2.8704703791278985,-2.438746488690894
35.88588588588589,0.14013817802132528,2.748491357926262,-2.3879234908364366
35.93593593593594,-0.25510257388274704,2.7524460405367726,-2.6485492325743887
35.98598598598599,0.28122875455909424,2.851054269420681,-2.6608840579463813
36.03603603603604,0.10738977133002822,3.11252479467516,-2.8916949075694847
36.08608608608609,0.45887092624188386,3.2106415451149144,-3.264441800975336
36.13613613613614,0.3584752420915435,3.104484801567984,-3.242649089561634
36.18618618618619,0.04762249792073553,2.9001436104811757,-3.119566702993081
36.23623623623624,0.37130465774461097,2.960914331460932,-3.57666540400605
36.28628628628629,0.3453699451849365,3.105404463454576,-3.655242087826281
36.33633633633634,0.20229487858380318,3.0320754634055462,-3.5661494740484168
36.38638638638639,0.5094593938687679,2.9348481442526495,-3.6834807642079483
36.43643643643644,0.20898877337385982,3.1944908545412867,-3.7486766093437236
36.48648648648649,0.2085891376988186,2.973718249320622,-3.8759862764926103
36.53653653653654,0.5999422669474161,3.1596182294103548,-4.159675337094692
36.58658658658659,0.28284268638069265,3.1279371727000775,-4.303653725522319
36.63663663663664,0.22501098753479656,2.9397640571628783,-4.262562053176457
36.68668668668669,0.09123604958405221,3.1171179981292796,-4.4434240253946315
36.73673673673674,0.3252206558493785,2.9850684766382294,-4.3362485459899185
36.78678678678679,0.17937059906737607,2.9379214176159687,-4.334656179478051
36.83683683683684,-0.005761198545876665,3.223967158964792,-4.54715174992931
36.88688688688689,-0.006936447027933244,3.225673804930233,-4.639985154253797
36.93693693693694,-0.10428102922566002,3.0325599592756767,-4.998658870479412
36.98698698698699,-0.1918312035142884,3.2754538274524174,-4.81773802551319
37.03703703703704,-0.18883868244078747,3.1384620571611026,-5.015203699754102
37.08708708708709,-0.354305415093101,3.2173854385094534,-5.024401072266807
37.13713713713714,-0.6311865879653438,3.3192634417830793,-5.161202585821691
37.18718718718719,-0.45326874808735174,3.099734352908569,-5.041865807384169
37.23723723723724,-0.5799124372278335,3.075326404209961,-5.2533050866176705
37.28728728728729,-0.5747934745061276,2.9704447003394594,-5.385329512881095
37.33733733733734,-0.716060281841987,3.150854290846777,-5.3540000791484745
37.38738738738739,-0.780679962235814,3.212951390917091,-5.343848678248644
37.43743743743744,-0.5746595962728854,3.358422441947669,-5.101335114262039
37.48748748748749,-0.967831458694862,2.9874348675419924,-5.369537628550036
37.53753753753754,-1.128296180004233,3.033404753236931,-5.266351355182094
37.58758758758759,-1.2940345299266025,3.0838973217242427,-5.160510028273164
37.63763763763764,-1.117410773248618,3.051410672808143,-5.182523785146311
37.68768768768769,-1.178904716938607,3.100550515418271,-5.418378395869529
37.73773773773774,-1.2904928475102533,2.9566755292680464,-5.287477706457291
37.78778778778779,-1.4349768664707323,3.1702930190858463,-5.172982174285213
37.83783783783784,-1.6848648206897914,2.8145349383442193,-5.045195079656672
37.88788788788789,-1.5322301390621933,2.8137334235668807,-5.083913324163297
37.93793793793794,-1.81059146549871,2.9033225557846927,-5.137303263106619
37.98798798798799,-1.737615252984752,2.9023163583792835,-5.164979679105308
38.03803803803804,-1.8045894000265637,2.7113757985309506,-5.161599487285584
38.08808808808809,-1.8872145397933615,2.881256336968093,-5.009047734378739
38.13813813813814,-1.9836938977316714,2.735155214567483,-5.0623667347384815
38.18818818818819,-1.9505861746653705,2.8505118021666056,-4.76797771945817
38.23823823823824,-1.7620488831547958,2.650460807023583,-4.7400658705025895
38.28828828828829,-1.9665623768888851,2.991670201885322,-4.65703333467624
38.33833833833834,-1.9264879449546757,2.8776594289222173,-4.558734288821947
38.38838838838839,-2.22004039917034,2.674984270312055,-4.513258996545182
38.43843843843844,-2.3777114489362363,2.72714261067797,-4.572197835985304
38.48848848848849,-2.1646358199648446,2.7030364303586873,-4.475548017337663
38.53853853853854,-1.9661423664096103,2.8344658224064303,-4.089198475071043
38.58858858858859,-2.237857824190186,2.8918417593309047,-3.793392895577525
38.63863863863864,-2.4323074945669383,2.4635103223012207,-3.7689280529407325
38.68868868868869,-2.154329804512559,2.64671667408811,-3.6344508902975887
38.73873873873874,-2.085797562210913,2.729744051433011,-3.942313537751613
38.78878878878879,-2.3569194370672544,2.810433802146105,-3.615710847569779
38.83883883883884,-2.2713271363791434,2.4911709898616405,-3.515133618482447
38.88888888888889,-2.059237734193104,2.4244923023382894,-3.406272748085871
38.93893893893894,-2.3726839140076876,2.7446858191784687,-3.5575229043712686
38.98898898898899,-2.2340983701623776,2.6040015676833876,-3.345458249067452
39.03903903903904,-2.3408820159766384,2.612485640183693,-2.804812495779959
39.08908908908909,-1.9774851349535911,2.707937323880197,-3.015099167812308
39.13913913913914,-1.995942370182831,2.7461477372292085,-3.375212110111557
39.18918918918919,-1.8862736607975994,2.60095775041179,-3.1131590705847443
39.23923923923924,-1.9510299596282197,2.3084508029528577,-2.9851957436933887
39.28928928928929,-1.9651303284529544,2.3007444615821586,-2.6292255844561883
39.33933933933934,-1.8541760625502575,2.204209151260347,-2.7887890653061413
39.38938938938939,-1.5171240284280147,2.324817354279173,-2.6826422351672945
39.43943943943944,-1.5914099336410141,2.5155861386557334,-2.811691873258226
39.48948948948949,-1.4851658244278974,2.2687312694026236,-2.721635313391516
39.53953953953954,-1.5394104363722605,2.077176300801704,-2.7622397825039773
39.58958958958959,-1.3250923421429177,2.3076179499615086,-2.7176018517099454
39.63963963963964,-1.3321612548583022,2.465952424209108,-2.5292995302803085
39.68968968968969,-1.0704784076216043,2.4795888566940953,-2.693268223997788
39.73973973973974,-1.016051355024416,2.4672819598539233,-2.764435050714061
39.78978978978979,-1.1452644289578293,2.445392556165338,-2.424486774204124
39.83983983983984,-0.7074718598443063,2.24721283538501,-2.59399611462653
39.88988988988989,-1.0394900977716597,2.3767445690459628,-2.543095229054642
39.93993993993994,-0.7042893239712875,2.1067031909674667,-2.687680368205977
39.98998998998999,-0.8435813599501609,2.0915274317993866,-2.7025978089478766
40.04004004004004,-0.7121611934795236,2.2497189357447405,-2.8337313779892823
40.090090090090094,-0.8229496891178241,2.2896119200196443,-2.6454892586548575
40.14014014014014,-0.39587803336767086,2.4135769439320525,-2.8157999774197586
40.190190190190194,-0.1712001021228625,2.55662761132149,-2.9196301150703734
40.24024024024024,-0.46144889035563885,2.1959814372175517,-3.179239889902173
40.290290290290294,-0.3274760327750546,2.1939282463312133,-3.095569407306389
40.34034034034034,-0.36406552573032075,2.3504728388118945,-3.1358040147499278
40.390390390390394,-0.3488258306581551,2.3975621154626827,-3.3140422853332714
40.44044044044044,-0.24799116258390402,2.304796314600259,-3.1500992423576206
40.490490490490494,-0.23887896932637373,2.5224595498688354,-3.461163990061983
40.54054054054054,-0.0885813804149563,2.4046524258806183,-3.335508355199176
40.590590590590594,0.08567277220845779,2.358426423102654,-3.555781448721713
40.64064064064064,-0.16335082285621375,2.5034448649178698,-3.603086384478028
40.690690690690694,0.12799936591079564,2.403299621283295,-4.090359147858649
40.74074074074074,0.2511123616896153,2.6062180594970674,-4.083183363612137
40.790790790790794,-0.0680735418154176,2.4722778089496367,-3.8142394247418885
40.84084084084084,0.20631288882831736,2.238718100241842,-4.034861158429534
40.890890890890894,0.1387573798572667,2.3997039826083335,-4.206117787112878
40.94094094094094,-0.17080774880802785,2.382333797501498,-4.362008600014087
40.990990990990994,0.025527238116480222,2.4647737791678024,-4.289113756645892
41.04104104104104,0.043478894371684784,2.5960084842809144,-4.564691455939474
41.091091091091094,-0.14159440467565684,2.436967886221789,-4.835628876583632
41.14114114114114,-0.1360629594128244,2.6947771705355437,-4.86273131984384
41.191191191191194,-0.06343707325662136,2.3912106353242453,-4.992767726875383
41.24124124124124,-0.19745806993375997,2.45771864090803,-4.911203349180049
41.291291291291294,-0.02500589066300196,2.610932979162326,-5.068417221685303
41.34134134134134,-0.2787033661152034,2.584630006744711,-5.034705734908627
41.391391391391394,-0.39600949288603493,2.454203910379042,-5.211188487063428
41.44144144144144,-0.21058303330963812,2.924699903910534,-5.11246786360593
41.491491491491495,-0.32653579144893047,2.4788796856934616,-5.206825186683278
41.54154154154154,-0.5460725516872132,2.7747964888016425,-5.418215631663068
41.591591591591595,-0.5999017408234668,2.7631843803781293,-5.62590378951271
41.64164164164164,-0.7678149038357422,2.8849698343591887,-5.614204834815961
41.691691691691695,-0.7468543008768267,2.9719399948444236,-5.615213512694582
41.74174174174174,-0.44415756688512315,2.7037659579362505,-5.501412224740184
41.791791791791795,-0.6657964546650685,2.912727895861594,-5.6655093660981635
41.84184184184184,-1.1514939745109753,3.025574175018244,-5.965121393172383
41.891891891891895,-1.0868809508240622,2.8353032814876618,-5.767006903328999
41.94194194194194,-1.1150725845133516,3.1616082851889122,-5.857975093791
41.991991991991995,-1.0035886200582766,2.94423239153839,-5.6599396213009205
42.04204204204204,-1.3530093358549025,2.9588508188351135,-5.605463174717983
42.092092092092095,-1.2886008660806625,2.9745643039721776,-5.706576775105058
42.14214214214214,-1.429227632467987,3.046760720549854,-5.800619645184157
42.192192192192195,-1.5893718004724116,3.4426998176538466,-5.805982605778821
42.24224224224224,-1.5450714524995135,3.1610129308711183,-5.51278630737848
42.292292292292295,-1.9962520288444292,2.8934979951445103,-5.6807444182685565
42.34234234234234,-1.608594383917507,3.2649598894777325,-5.557756747003638
42.392392392392395,-1.925531481242062,3.007748731036541,-5.7237850279029265
42.44244244244244,-1.908319821904811,3.4166727996638997,-5.741016190052742
42.492492492492495,-2.0265421122232166,3.40926433524884,-5.678952576254033
42.54254254254254,-2.016481850123322,3.2210337254253196,-5.280845889929981
42.592592592592595,-1.9887760512583037,3.459157448679809,-5.3587353371596365
42.64264264264264,-2.433407005399828,3.174182168827692,-5.3699349345057215
42.692692692692695,-2.321034155677395,3.312180180334098,-5.05994040189407
42.74274274274275,-2.1763864650760576,3.2452904096587223,-5.323515612319574
42.792792792792795,-2.2810275139021474,3.4360156900429053,-5.172923705771092
42.84284284284285,-2.1078174571048196,3.645510288931144,-4.775770501377751
42.892892892892895,-2.583630807771922,3.6777949639188785,-4.929541261369229
42.94294294294295,-2.6213253034646518,3.3636980203018005,-4.517215959246359
42.992992992992995,-2.48895481701908,3.451084838186946,-4.767006859206702
43.04304304304305,-2.5073234110158014,3.4132194024176825,-4.729461360045341
43.093093093093096,-2.3121909468973803,3.2842447633326577,-4.481780799685093
43.14314314314315,-2.4987136934748326,3.7196800332264797,-4.380790828741765
43.193193193193196,-2.3626925485774706,3.9589646189534293,-4.423217214270362
43.24324324324325,-2.558366410899733,3.4914988107088174,-4.316148177831295
43.293293293293296,-2.3377502630024853,3.4950256466052307,-4.080932833680355
43.34334334334335,-2.4774001803334182,3.6579585918668074,-4.023485398963802
43.393393393393396,-2.3389265007169895,3.702944402314048,-3.9634845723843912
43.44344344344345,-2.1339231116535697,3.748003851074803,-3.6825826782841946
43.493493493493496,-2.197224095496689,3.782358398268827,-3.711440382850843
43.54354354354355,-2.4732713843113334,3.6212308782812777,-3.6792640951212845
43.593593593593596,-2.1531935580701957,3.8028212783255757,-3.5857802032920416
43.64364364364365,-2.414381052297452,3.7870475744123953,-3.412725524234164
43.693693693693696,-2.223009817088567,3.660094155649623,-3.4751987741699897
43.74374374374375,-2.195073926285917,3.561520294379876,-3.2837585936250533
43.793793793793796,-2.070638121704725,3.83861922801544,-3.232339973911293
43.84384384384385,-1.9085820919835923,3.868383772598703,-3.285074764606727
43.893893893893896,-1.8591694730015018,3.80771287088362,-3.4325647252441875
43.94394394394395,-1.7588405777837444,3.8893874307194456,-2.9186120308521275
43.993993993993996,-1.7137543065596699,3.855640043345866,-3.1481002737132466
44.04404404404405,-1.4357576619342427,3.7762695349007185,-3.2408625766330004
44.094094094094096,-1.8768713009137246,3.6555632747684026,-3.1930236060501946
44.14414414414415,-1.488797629770252,3.870945588889477,-2.9112484499680473
44.194194194194196,-1.3417687381315966,3.849398944092154,-3.0956356335973165
44.24424424424425,-1.4726802825974883,4.067338180302367,-2.9292862214944364
44.294294294294296,-1.360663861823922,3.823630128581605,-3.1360266677313913
44.34434434434435,-1.0737310045490818,3.8786598161339256,-3.0773310725760075
44.394394394394396,-0.8110466785396644,3.73625824022554,-3.1255762214258236
44.44444444444445,-0.9603031785058751,3.5050820595131196,-3.259698661875992
44.4944944944945,-0.9339390549416868,3.694964162644268,-3.0393044308789507
44.54454454454455,-0.6740579120571355,3.631667766515461,-3.5437240022852734
44.5945945945946,-0.6488923422387878,3.868032530464857,-3.4762914548277895
44.64464464464465,-0.6672605600871918,3.951322572630164,-3.2593019220529467
44.6946946946947,-0.8038196239548582,3.9496904385013107,-3.225384635133599
44.74474474474475,-0.5000831835765641,3.7708592595374983,-3.550792595461938
44.7947947947948,-0.516799919958993,3.728520319144628,-3.948338430925992
44.84484484484485,-0.42551858206901577,3.6768167503706226,-3.723102023169939
44.8948948948949,-0.5256498744245235,3.37946823235723,-3.8485406899687753
44.94494494494495,-0.47166398341037796,3.701664645440944,-3.81154971762741
44.994994994995,-0.28817970371785406,3.620545622932025,-4.1359160733651805
45.04504504504505,-0.5846628129728448,3.5373094908899043,-4.170067478871194
45.0950950950951,-0.1512442028605228,3.7347160283160368,-4.180871781855821
45.14514514514515,-0.17552932914902544,3.391010262157551,-4.312138153233148
45.1951951951952,-0.04571864952894947,3.7080889841059794,-4.166306891888375
45.24524524524525,-0.10471877744786928,3.4584053148348097,-4.532612802208686
45.2952952952953,-0.18834489257519121,3.628315348076682,-4.4762586314941295
45.34534534534535,0.0454808326167955,3.7148809779022,-4.803898328107556
45.3953953953954,-0.5953471438497635,3.430571659226756,-4.884319596978884
45.44544544544545,-0.08405908001315446,3.3086235013512098,-4.746062181438355
45.4954954954955,0.008497090377440009,3.3945845008342066,-5.229635410453476
45.54554554554555,-0.25347348825476335,3.66383926992905,-5.014992554128501
45.5955955955956,-0.14962836267389135,3.628108586277328,-5.113114928101348
45.64564564564565,-0.3812880717337627,3.436226427195482,-5.250123428079637
45.6956956956957,-0.5645764957608842,3.3958848323371624,-5.535298838137953
45.74574574574575,-0.3915791125098277,3.42061495474408,-5.34853497346325
45.7957957957958,-0.3793731816230708,3.404544849446429,-5.348427322234341
45.84584584584585,-0.4617306429471407,3.486874226497748,-5.801472585874842
45.8958958958959,-0.3354275297038629,3.1411324506164853,-5.973353243043376
45.94594594594595,-0.5236602915690001,3.1824721685574495,-5.9279031001363185
45.995995995996,-0.6832441585506137,3.2979344744836485,-6.101573864765452
46.04604604604605,-0.6169250849510934,3.297762677791706,-6.107937621955609
46.0960960960961,-0.5230976308907557,3.2131340680361355,-5.9005382298824225
46.14614614614615,-1.0495595726081126,3.1814104768365805,-6.281435432519509
46.1961961961962,-0.697984940943683,3.1471745708934753,-6.113918494920618
46.24624624624625,-1.0364485967577723,3.1147726235268003,-6.147471484625362
46.2962962962963,-1.15619737150907,3.0972788655934713,-6.310613829300687
46.34634634634635,-1.2975849995018147,3.2616025141912672,-6.197942631342381
46.3963963963964,-1.3761721309367605,3.1921508459781003,-6.314192271048344
46.44644644644645,-1.5162673349102964,3.186852178405069,-6.274912106581047
46.4964964964965,-1.410457228166593,3.127678303233903,-6.015969980967477
46.54654654654655,-1.4146795756037183,3.110472218987693,-6.300033624549485
46.5965965965966,-1.764912910183329,3.2713560662180297,-6.647201067490043
46.64664664664665,-1.5730113809397444,3.137205402390317,-6.1668817828949365
46.6966966966967,-1.791153490215174,3.3118558367702,-6.3577935304593485
46.74674674674675,-1.7379439590576304,2.931491826357394,-6.488165238069065
46.7967967967968,-2.001693186106341,3.002363192094736,-6.097859511954991
46.84684684684685,-1.9594393095723353,3.089009189559158,-6.111669403327084
46.8968968968969,-2.1935216564910136,3.303590319710969,-6.39996478132938
46.94694694694695,-1.8442486732967085,2.8623781701095394,-6.066495677388103
46.996996996997,-2.0358315976385053,3.457839909119894,-5.815542078548646
47.04704704704705,-2.3615337962178056,3.107024117848156,-5.899903789036773
47.0970970970971,-2.3587857964624783,3.0853563142903497,-5.702011280922976
47.14714714714715,-2.319798397854002,2.991629470075006,-5.543731067676415
47.1971971971972,-2.36632362100732,3.2900665071304065,-5.575908473309122
47.24724724724725,-2.7535980749081013,3.212883134803456,-5.682913080201137
47.2972972972973,-2.6918506335669217,3.1522022624120516,-5.555191805714569
47.34734734734735,-2.582250450475621,2.9944290104254887,-5.360718395025453
47.3973973973974,-2.6480896448515723,2.799549063392659,-5.302160851314962
47.44744744744745,-2.7579543920133966,3.1083625988884718,-5.107057950776508
47.4974974974975,-2.6633614394806133,2.9986201106324373,-4.967817245136827
47.54754754754755,-2.733104893463166,3.0550023672318942,-5.06121620996237
47.5975975975976,-2.746930718949204,3.179361488037579,-4.821655700791779
47.64764764764765,-2.785587928650672,3.2285489833422254,-4.6812501904352395
47.6976976976977,-2.773719384383321,2.6170318502519883,-4.8034817126372
47.74774774774775,-2.628960111883044,2.8210838696369303,-4.675168527571879
47.7977977977978,-2.6889625287799044,2.9822441226752145,-4.361148260166867
47.84784784784785,-2.771505193997464,3.187191689824889,-4.539601283917123
47.8978978978979,-2.644534924116968,3.1261868893322795,-4.193537558832251
47.94794794794795,-2.6877537447314737,3.144343066520337,-4.150390892403102
47.997997997998,-2.7637680579126402,3.1304976617810767,-3.965244708687917
48.04804804804805,-2.2419906143908856,2.9646893148697706,-4.053643210168736
48.0980980980981,-2.6716202177640587,3.18622293466241,-4.194880914542409
48.14814814814815,-2.3179365935870555,3.222353643898484,-3.897212827296715
48.1981981981982,-2.502034055101784,3.1063365915761576,-3.9826165623846146
48.24824824824825,-2.313718585017129,3.0156253228805685,-4.018960568652312
48.2982982982983,-2.401862459343845,3.2666439474305293,-3.7945096748755778
48.34834834834835,-2.1740473458046288,3.5365771359714504,-3.8419418976529607
48.3983983983984,-2.2592422516226627,3.280182945637715,-3.654543494492976
48.44844844844845,-2.0468813904028935,3.3182290206111325,-3.6691445003367384
48.4984984984985,-2.0189079517619644,3.4830809377139063,-3.4791291016567776
48.54854854854855,-1.6882396788290084,3.1094256377910945,-3.543880110230268
48.5985985985986,-1.6147261676796019,3.2130360915377674,-3.4511677601240613
48.64864864864865,-1.6666817768042808,3.380919849915347,-3.9840334668709896
48.6986986986987,-1.563373559249231,3.367984267241652,-3.5679543451698845
48.74874874874875,-1.7457056361219154,3.633477446040449,-3.458027098981973
48.7987987987988,-1.4260656126252882,3.5563867840522363,-3.5409668203775384
48.84884884884885,-1.4887846747467781,3.5409802843113702,-3.668586307677654
48.8988988988989,-1.3846109785327467,3.5594959353251916,-3.716526544124444
48.94894894894895,-1.3503304368548392,3.5006607572378647,-3.7712118976043922
48.998998998999,-1.1917694907727943,3.4272947187285485,-3.7419208359776497
49.04904904904905,-0.9975629147402316,3.381592052272908,-3.692047195473273
49.0990990990991,-1.0177628714610258,3.5640330543425125,-3.7714219422290918
49.14914914914915,-0.7464395370968531,3.7309143331679744,-4.011314625001875
49.1991991991992,-0.6768003348449105,3.5991899518051818,-4.127032611567805
49.24924924924925,-0.7296119277462327,3.6301651251124025,-4.052829862199896
49.2992992992993,-0.679019813086162,3.474074226008377,-4.224623393966708
49.34934934934935,-0.7393141817910315,3.569548818510083,-4.328331778209505
49.3993993993994,-0.8343516511801672,3.7113487986620117,-4.532493119314266
49.44944944944945,-0.29620664183757783,3.6938907575019537,-4.408864276895398
49.4994994994995,-0.6890115549325116,3.7709554156098033,-4.4429185088776615
49.54954954954955,-0.46053776681146724,4.058178658759241,-4.501715953935315
49.5995995995996,-0.2700003893188272,4.145846753947651,-4.507116548547794
49.64964964964965,-0.3708422540596411,3.720565221390051,-4.905778547547075
49.6996996996997,-0.2518916849282321,3.8070047543457437,-5.006510493596244
49.74974974974975,-0.2231872771274749,3.844924513261727,-5.212073921547228
49.7997997997998,-0.19501755689808115,3.9469457915480834,-5.216896036402636
49.84984984984985,-0.36052373549337124,4.023277261372453,-5.382953714599882
49.8998998998999,-0.30568687060812855,4.062075758989307,-5.316685355810523
49.94994994994995,-0.3851823084592024,3.973787148995447,-5.403959688299488
50.0,-0.1237172581956896,4.02871698132469,-5.394459234031301
